lr,epochs,batch_size,lstm_hidden_sizes,mlp_layer_sizes,dropout_rate,RMSE,PCC
0.001,100,256,"[64, 32, 16, 8, 4]","[64, 32, 16, 8, 4]",0.1,0.45141965,
0.001,100,128,"[64, 32, 16, 8, 4]","[64, 32, 16, 8, 4]",0.1,0.46384564,
0.001,100,64,"[64, 32, 16, 8, 4]","[64, 32, 16, 8, 4]",0.1,0.2576935,
0.001,100,32,"[64, 32, 16, 8, 4]","[64, 32, 16, 8, 4]",0.1,0.20449725,71.3023066039789
0.001,100,16,"[64, 32, 16, 8, 4]","[64, 32, 16, 8, 4]",0.1,0.19242154,73.7951531065375
0.001,100,8,"[64, 32, 16, 8, 4]","[64, 32, 16, 8, 4]",0.1,0.21528205,
